{"train_loss": 904.3104858398438, "_timestamp": 1697286082.632804, "_runtime": 68.05023288726807, "_step": 1949, "_wandb": {"runtime": 68}}