{"train_loss": 903.95361328125, "_timestamp": 1697391641.6789815, "_runtime": 58.717384576797485, "_step": 1612}