{"train_loss": 869.464599609375, "_timestamp": 1697289004.9408574, "_runtime": 2694.6175134181976, "_step": 194999, "_wandb": {"runtime": 2694}}