{"train_loss": 972.619140625, "_timestamp": 1697286219.3640766, "_runtime": 17.811864614486694, "_step": 403, "_wandb": {"runtime": 17}}