{"train_loss": 904.0421752929688, "_timestamp": 1697389384.3273454, "_runtime": 68.26107430458069, "_step": 1949, "_wandb": {"runtime": 68}}