{"train_loss": 867.8947143554688, "_timestamp": 1697394396.8365595, "_runtime": 2702.5329604148865, "_step": 194999, "_wandb": {"runtime": 2702}}